<?xml version="1.0" encoding="windows-1252"?>
<Collection name="Clone Page Tool" guid="{55534FB6-2AF9-46B8-B5AC-BE46E69E8AAB}" system="No" updatable="Yes" blockNavigatorNode="No">
	<HelpLink></HelpLink>
	<Help></Help>
	<Addon name="Clone Page Tool" guid="{06E549B0-E645-4286-A2AD-958E7CEEE1CB}" type="Tool">
		<Copy></Copy>
		<CopyText></CopyText>
		<ActiveXProgramID></ActiveXProgramID>
		<DotNetClass></DotNetClass>
		<ArgumentList></ArgumentList>
		<AsAjax>No</AsAjax>
		<Filter>No</Filter>
		<Help></Help>
		<HelpLink></HelpLink>
		<Icon Link="" width="0" height="0" sprites="0" />
		<InIframe>No</InIframe>
		<BlockEditTools>No</BlockEditTools>
		<FormXML></FormXML>
		<IsInline>No</IsInline>
		<JavascriptOnLoad></JavascriptOnLoad>
		<JavascriptInHead></JavascriptInHead>
		<JavascriptBodyEnd></JavascriptBodyEnd>
		<MetaDescription></MetaDescription>
		<OtherHeadTags></OtherHeadTags>
		<Content>No</Content>
		<Template>No</Template>
		<Email>No</Email>
		<Admin>No</Admin>
		<OnPageEndEvent>No</OnPageEndEvent>
		<OnPageStartEvent>No</OnPageStartEvent>
		<OnBodyStart>No</OnBodyStart>
		<OnBodyEnd>No</OnBodyEnd>
		<RemoteMethod>No</RemoteMethod>
		<ProcessRunOnce>No</ProcessRunOnce>
		<ProcessInterval>0</ProcessInterval>
		<PageTitle></PageTitle>
		<RemoteAssetLink></RemoteAssetLink>
		<Styles></Styles>
		<Scripting Language="" EntryPoint="" Timeout="5000">
			<Code><![CDATA[function f
	dim action, pageId, pagePrefix
	'
	f = ""
	action = cp.doc.getText( "button" )
	pagePrefix = cp.doc.getText( "pagePrefix" )
	pageId = cp.doc.getInteger( "pageId" )
	if action="Clone" Then
		f = f & "cloning pageId: " & pageId & ", prefix: " & pagePrefix
		f = f & clonePage( pageId, 0, 0 )
	end if
	'
	f = f  _
		& "<h2>Clone Page Tool</h2>" _
		& "<p>Use this tool to make a copy of a page and all its child pages. All cloned pages will include a prefix.</p>" _
		& "<p><br></p>" _
		& "<h4>Clone Page Prefix<h4>" _
		& cp.html.inputText( "pagePrefix", pagePrefix )  _
		& "<p><br></p>" _
		& "<h4>Select the page to clone<h4>" _
		& cp.html.selectContent( "pageId", 0, "page content" )  _
		& "<p><br></p>" _
		& cp.html.button( "button", "Clone" ) _
		& ""
	f = cp.html.form( f )
	f = "<div style=""width:500px; margin: 10px auto; padding: 20px; background-color: #f8f8f8;"">" & f & "</div>"
	
end function
'
function clonePage( pageId, newParentId, tier )
	dim csSrc, csDst
	set csSrc = cp.csNew()
	set csDst = cp.csNew()
	'
	if tier > 5 Then
		clonePage = clonePage & "<br>Cannot clone tier " & tier & "."
	Else
		if csSrc.open( "page content", "id=" & pageId ) Then
			clonePage = clonePage & "<br>cloning pageId: " & pageId & ", to newParentId: " & newParentId & ", tier: " & tier
		End If
		call csSrc.close()
		'
		clonePage = clonePage & "<br>cloning child pages"
		if not csSrc.open( "page content", "parentId=" & pageId ) Then
		clonePage = clonePage & "<br>(no child pages found)"
		else 
			Do
				clonePage = clonePage & clonePage( csSrc.getInteger( "id" ), pageId, tier+1 )
				call csSrc.goNext
			Loop While csSrc.ok
		End If
		call csSrc.close()
	End If
end function]]></Code>
		</Scripting>
	</Addon>
</Collection>